,attribute_id,attribute_name,attribute_question,group_id,active,attribute_tooltip
0,1,Asunnot,"{""fi"":""Onko rakennuksessa asunnot?"", ""sv"":""[Svenska]Onko rakennuksessa asunnot?"", ""en"":""[English]Onko rakennuksessa asunnot?""}",,True,"{""fi"":"""", ""se"":"""", ""en"":"""" }"
1,101,Asuinhuone,"{""fi"":""Onko rakennuksessa asuinhuone?"", ""sv"":""[Svenska]Onko rakennuksessa asuinhuone?"", ""en"":""[English]Onko rakennuksessa asuinhuone?""}",,True,"{""fi"":"""", ""se"":"""", ""en"":"""" }"
2,102,Eteinen,"{""fi"":""Onko rakennuksessa eteinen?"", ""sv"":""[Svenska]Onko rakennuksessa eteinen?"", ""en"":""[English]Onko rakennuksessa eteinen?""}",,True,"{""fi"":"""", ""se"":"""", ""en"":"""" }"
3,103,Keittiö,"{""fi"":""Onko rakennuksessa keittiö?"", ""sv"":""[Svenska]Onko rakennuksessa keittiö?"", ""en"":""[English]Onko rakennuksessa keittiö?""}",,True,"{""fi"":"""", ""se"":"""", ""en"":"""" }"
4,104,Kodinhoitohuone,"{""fi"":""Onko rakennuksessa kodinhoitohuone?"", ""sv"":""[Svenska]Onko rakennuksessa kodinhoitohuone?"", ""en"":""[English]Onko rakennuksessa kodinhoitohuone?""}",,True,"{""fi"":"""", ""se"":"""", ""en"":"""" }"
5,105,Käytävä,"{""fi"":""Onko rakennuksessa käytävä?"", ""sv"":""[Svenska]Onko rakennuksessa käytävä?"", ""en"":""[English]Onko rakennuksessa käytävä?""}",,True,"{""fi"":"""", ""se"":"""", ""en"":"""" }"
6,106,Löylyhuone,"{""fi"":""Onko rakennuksessa löylyhuone?"", ""sv"":""[Svenska]Onko rakennuksessa löylyhuone?"", ""en"":""[English]Onko rakennuksessa löylyhuone?""}",,True,"{""fi"":"""", ""se"":"""", ""en"":"""" }"
7,107,Makuuhuone,"{""fi"":""Onko rakennuksessa makuuhuone?"", ""sv"":""[Svenska]Onko rakennuksessa makuuhuone?"", ""en"":""[English]Onko rakennuksessa makuuhuone?""}",,True,"{""fi"":"""", ""se"":"""", ""en"":"""" }"
8,108,Olohuone,"{""fi"":""Onko rakennuksessa olohuone?"", ""sv"":""[Svenska]Onko rakennuksessa olohuone?"", ""en"":""[English]Onko rakennuksessa olohuone?""}",,True,"{""fi"":"""", ""se"":"""", ""en"":"""" }"
9,109,Pesuhuone,"{""fi"":""Onko rakennuksessa pesuhuone?"", ""sv"":""[Svenska]Onko rakennuksessa pesuhuone?"", ""en"":""[English]Onko rakennuksessa pesuhuone?""}",,True,"{""fi"":"""", ""se"":"""", ""en"":"""" }"
10,110,Ruokailutila,"{""fi"":""Onko rakennuksessa ruokailutila?"", ""sv"":""[Svenska]Onko rakennuksessa ruokailutila?"", ""en"":""[English]Onko rakennuksessa ruokailutila?""}",,True,"{""fi"":"""", ""se"":"""", ""en"":"""" }"
11,111,Tuulikaappi,"{""fi"":""Onko rakennuksessa tuulikaappi?"", ""sv"":""[Svenska]Onko rakennuksessa tuulikaappi?"", ""en"":""[English]Onko rakennuksessa tuulikaappi?""}",,True,"{""fi"":"""", ""se"":"""", ""en"":"""" }"
12,112,Vaatehuone,"{""fi"":""Onko rakennuksessa vaatehuone?"", ""sv"":""[Svenska]Onko rakennuksessa vaatehuone?"", ""en"":""[English]Onko rakennuksessa vaatehuone?""}",,True,"{""fi"":"""", ""se"":"""", ""en"":"""" }"
13,113,Varastohuone,"{""fi"":""Onko rakennuksessa varastohuone?"", ""sv"":""[Svenska]Onko rakennuksessa varastohuone?"", ""en"":""[English]Onko rakennuksessa varastohuone?""}",,True,"{""fi"":"""", ""se"":"""", ""en"":"""" }"
14,114,WC,"{""fi"":""Onko rakennuksessa wc?"", ""sv"":""[Svenska]Onko rakennuksessa wc?"", ""en"":""[English]Onko rakennuksessa wc?""}",1.0,True,"{""fi"":"""", ""se"":"""", ""en"":"""" }"
15,115,Porras,"{""fi"":""Onko rakennuksessa porras?"", ""sv"":""[Svenska]Onko rakennuksessa porras?"", ""en"":""[English]Onko rakennuksessa porras?""}",,True,"{""fi"":"""", ""se"":"""", ""en"":"""" }"
16,116,WC-pesuhuone,"{""fi"":""Onko rakennuksessa wc-pesuhuone?"", ""sv"":""[Svenska]Onko rakennuksessa wc-pesuhuone?"", ""en"":""[English]Onko rakennuksessa wc-pesuhuone?""}",1.0,True,"{""fi"":"""", ""se"":"""", ""en"":"""" }"
17,117,Keittotila,"{""fi"":""Onko rakennuksessa keittotila?"", ""sv"":""[Svenska]Onko rakennuksessa keittotila?"", ""en"":""[English]Onko rakennuksessa keittotila?""}",,True,"{""fi"":"""", ""se"":"""", ""en"":"""" }"
18,2,Talotekniikka,"{""fi"":""Onko rakennuksessa talotekniikka?"", ""sv"":""[Svenska]Onko rakennuksessa talotekniikka?"", ""en"":""[English]Onko rakennuksessa talotekniikka?""}",,True,"{""fi"":"""", ""se"":"""", ""en"":"""" }"
19,201,Tekniikkatila,"{""fi"":""Onko rakennuksessa tekniikkatila?"", ""sv"":""[Svenska]Onko rakennuksessa tekniikkatila?"", ""en"":""[English]Onko rakennuksessa tekniikkatila?""}",,True,"{""fi"":"""", ""se"":"""", ""en"":"""" }"
20,202,IV-konehuone,"{""fi"":""Onko rakennuksessa iv-konehuone?"", ""sv"":""[Svenska]Onko rakennuksessa iv-konehuone?"", ""en"":""[English]Onko rakennuksessa iv-konehuone?""}",,True,"{""fi"":"""", ""se"":"""", ""en"":"""" }"
21,203,Tekniikkakomero,"{""fi"":""Onko rakennuksessa tekniikkakomero?"", ""sv"":""[Svenska]Onko rakennuksessa tekniikkakomero?"", ""en"":""[English]Onko rakennuksessa tekniikkakomero?""}",,True,"{""fi"":"""", ""se"":"""", ""en"":"""" }"
22,204,Muuntamo,"{""fi"":""Onko rakennuksessa muuntamo?"", ""sv"":""[Svenska]Onko rakennuksessa muuntamo?"", ""en"":""[English]Onko rakennuksessa muuntamo?""}",,True,"{""fi"":"""", ""se"":"""", ""en"":"""" }"
23,205,Ristikytkentätila,"{""fi"":""Onko rakennuksessa ristikytkentätila?"", ""sv"":""[Svenska]Onko rakennuksessa ristikytkentätila?"", ""en"":""[English]Onko rakennuksessa ristikytkentätila?""}",,False,"{""fi"":"""", ""se"":"""", ""en"":"""" }"
24,206,Ilmanvaihto,"{""fi"":""Onko rakennuksessa ilmanvaihto?"", ""sv"":""[Svenska]Onko rakennuksessa ilmanvaihto?"", ""en"":""[English]Onko rakennuksessa ilmanvaihto?""}",,False,"{""fi"":"""", ""se"":"""", ""en"":"""" }"
25,207,Kasvien kasvatus,"{""fi"":""Onko rakennuksessa kasvien kasvatus?"", ""sv"":""[Svenska]Onko rakennuksessa kasvien kasvatus?"", ""en"":""[English]Onko rakennuksessa kasvien kasvatus?""}",,True,"{""fi"":"""", ""se"":"""", ""en"":"""" }"
26,208,Kasvihuone,"{""fi"":""Onko rakennuksessa kasvihuone?"", ""sv"":""[Svenska]Onko rakennuksessa kasvihuone?"", ""en"":""[English]Onko rakennuksessa kasvihuone?""}",,False,"{""fi"":"""", ""se"":"""", ""en"":"""" }"
27,3,Asumisen yhteistoiminta,"{""fi"":""Onko rakennuksessa asumisen yhteistoiminta?"", ""sv"":""[Svenska]Onko rakennuksessa asumisen yhteistoiminta?"", ""en"":""[English]Onko rakennuksessa asumisen yhteistoiminta?""}",,True,"{""fi"":"""", ""se"":"""", ""en"":"""" }"
28,301,Irtaimistovarasto,"{""fi"":""Onko rakennuksessa irtaimistovarasto?"", ""sv"":""[Svenska]Onko rakennuksessa irtaimistovarasto?"", ""en"":""[English]Onko rakennuksessa irtaimistovarasto?""}",,True,"{""fi"":"""", ""se"":"""", ""en"":"""" }"
29,302,Pukuhuone,"{""fi"":""Onko rakennuksessa pukuhuone?"", ""sv"":""[Svenska]Onko rakennuksessa pukuhuone?"", ""en"":""[English]Onko rakennuksessa pukuhuone?""}",,True,"{""fi"":"""", ""se"":"""", ""en"":"""" }"
30,303,"WC, esteetön","{""fi"":""Onko rakennuksessa wc, esteetön?"", ""sv"":""[Svenska]Onko rakennuksessa wc, esteetön?"", ""en"":""[English]Onko rakennuksessa wc, esteetön?""}",1.0,True,"{""fi"":"""", ""se"":"""", ""en"":"""" }"
31,304,Apuvälinevarasto,"{""fi"":""Onko rakennuksessa apuvälinevarasto?"", ""sv"":""[Svenska]Onko rakennuksessa apuvälinevarasto?"", ""en"":""[English]Onko rakennuksessa apuvälinevarasto?""}",,True,"{""fi"":"""", ""se"":"""", ""en"":"""" }"
32,305,Kuivaushuone,"{""fi"":""Onko rakennuksessa kuivaushuone?"", ""sv"":""[Svenska]Onko rakennuksessa kuivaushuone?"", ""en"":""[English]Onko rakennuksessa kuivaushuone?""}",,True,"{""fi"":"""", ""se"":"""", ""en"":"""" }"
33,306,Pesulatila,"{""fi"":""Onko rakennuksessa pesulatila?"", ""sv"":""[Svenska]Onko rakennuksessa pesulatila?"", ""en"":""[English]Onko rakennuksessa pesulatila?""}",,True,"{""fi"":"""", ""se"":"""", ""en"":"""" }"
34,307,"WC,esteetön","{""fi"":""Onko rakennuksessa wc,esteetön?"", ""sv"":""[Svenska]Onko rakennuksessa wc,esteetön?"", ""en"":""[English]Onko rakennuksessa wc,esteetön?""}",,True,"{""fi"":"""", ""se"":"""", ""en"":"""" }"
35,308,Kerhohuone,"{""fi"":""Onko rakennuksessa kerhohuone?"", ""sv"":""[Svenska]Onko rakennuksessa kerhohuone?"", ""en"":""[English]Onko rakennuksessa kerhohuone?""}",,True,"{""fi"":"""", ""se"":"""", ""en"":"""" }"
36,309,Oleskelutila,"{""fi"":""Onko rakennuksessa oleskelutila?"", ""sv"":""[Svenska]Onko rakennuksessa oleskelutila?"", ""en"":""[English]Onko rakennuksessa oleskelutila?""}",,True,"{""fi"":"""", ""se"":"""", ""en"":"""" }"
37,310,Aula,"{""fi"":""Onko rakennuksessa aula?"", ""sv"":""[Svenska]Onko rakennuksessa aula?"", ""en"":""[English]Onko rakennuksessa aula?""}",,True,"{""fi"":"""", ""se"":"""", ""en"":"""" }"
38,4,Kiinteistö,"{""fi"":""Onko rakennuksessa kiinteistö?"", ""sv"":""[Svenska]Onko rakennuksessa kiinteistö?"", ""en"":""[English]Onko rakennuksessa kiinteistö?""}",,True,"{""fi"":"""", ""se"":"""", ""en"":"""" }"
39,401,Jätehuone,"{""fi"":""Onko rakennuksessa jätehuone?"", ""sv"":""[Svenska]Onko rakennuksessa jätehuone?"", ""en"":""[English]Onko rakennuksessa jätehuone?""}",,True,"{""fi"":"""", ""se"":"""", ""en"":"""" }"
40,402,Siivoustila,"{""fi"":""Onko rakennuksessa siivoustila?"", ""sv"":""[Svenska]Onko rakennuksessa siivoustila?"", ""en"":""[English]Onko rakennuksessa siivoustila?""}",,True,"{""fi"":"""", ""se"":"""", ""en"":"""" }"
41,403,Varasto,"{""fi"":""Onko rakennuksessa varasto?"", ""sv"":""[Svenska]Onko rakennuksessa varasto?"", ""en"":""[English]Onko rakennuksessa varasto?""}",,True,"{""fi"":"""", ""se"":"""", ""en"":"""" }"
42,404,VSS,"{""fi"":""Onko rakennuksessa vss?"", ""sv"":""[Svenska]Onko rakennuksessa vss?"", ""en"":""[English]Onko rakennuksessa vss?""}",,True,"{""fi"":"""", ""se"":"""", ""en"":"""" }"
43,405,Siivouskeskus,"{""fi"":""Onko rakennuksessa siivouskeskus?"", ""sv"":""[Svenska]Onko rakennuksessa siivouskeskus?"", ""en"":""[English]Onko rakennuksessa siivouskeskus?""}",,True,"{""fi"":"""", ""se"":"""", ""en"":"""" }"
44,406,Siivouskomero,"{""fi"":""Onko rakennuksessa siivouskomero?"", ""sv"":""[Svenska]Onko rakennuksessa siivouskomero?"", ""en"":""[English]Onko rakennuksessa siivouskomero?""}",,True,"{""fi"":"""", ""se"":"""", ""en"":"""" }"
45,407,Siivous,"{""fi"":""Onko rakennuksessa siivous?"", ""sv"":""[Svenska]Onko rakennuksessa siivous?"", ""en"":""[English]Onko rakennuksessa siivous?""}",,True,"{""fi"":"""", ""se"":"""", ""en"":"""" }"
46,408,VSS-tekniikka- ja välinevaraus,"{""fi"":""Onko rakennuksessa vss-tekniikka- ja välinevaraus?"", ""sv"":""[Svenska]Onko rakennuksessa vss-tekniikka- ja välinevaraus?"", ""en"":""[English]Onko rakennuksessa vss-tekniikka- ja välinevaraus?""}",,False,"{""fi"":"""", ""se"":"""", ""en"":"""" }"
47,5,Osastoiva liikenne,"{""fi"":""Onko rakennuksessa osastoiva liikenne?"", ""sv"":""[Svenska]Onko rakennuksessa osastoiva liikenne?"", ""en"":""[English]Onko rakennuksessa osastoiva liikenne?""}",,True,"{""fi"":"""", ""se"":"""", ""en"":"""" }"
48,501,Porrasaula,"{""fi"":""Onko rakennuksessa porrasaula?"", ""sv"":""[Svenska]Onko rakennuksessa porrasaula?"", ""en"":""[English]Onko rakennuksessa porrasaula?""}",,True,"{""fi"":"""", ""se"":"""", ""en"":"""" }"
49,502,Porrashuone,"{""fi"":""Onko rakennuksessa porrashuone?"", ""sv"":""[Svenska]Onko rakennuksessa porrashuone?"", ""en"":""[English]Onko rakennuksessa porrashuone?""}",,True,"{""fi"":"""", ""se"":"""", ""en"":"""" }"
50,6,Palveluasuminen,"{""fi"":""Onko rakennuksessa palveluasuminen?"", ""sv"":""[Svenska]Onko rakennuksessa palveluasuminen?"", ""en"":""[English]Onko rakennuksessa palveluasuminen?""}",,True,"{""fi"":"""", ""se"":"""", ""en"":"""" }"
51,601,"WC-pesuhuone, esteetön","{""fi"":""Onko rakennuksessa wc-pesuhuone, esteetön?"", ""sv"":""[Svenska]Onko rakennuksessa wc-pesuhuone, esteetön?"", ""en"":""[English]Onko rakennuksessa wc-pesuhuone, esteetön?""}",1.0,True,"{""fi"":"""", ""se"":"""", ""en"":"""" }"
52,7,Tietotyö,"{""fi"":""Onko rakennuksessa tietotyö?"", ""sv"":""[Svenska]Onko rakennuksessa tietotyö?"", ""en"":""[English]Onko rakennuksessa tietotyö?""}",,True,"{""fi"":"""", ""se"":"""", ""en"":"""" }"
53,701,Keskittymistila,"{""fi"":""Onko rakennuksessa keskittymistila?"", ""sv"":""[Svenska]Onko rakennuksessa keskittymistila?"", ""en"":""[English]Onko rakennuksessa keskittymistila?""}",,True,"{""fi"":"""", ""se"":"""", ""en"":"""" }"
54,702,Työpistealue,"{""fi"":""Onko rakennuksessa työpistealue?"", ""sv"":""[Svenska]Onko rakennuksessa työpistealue?"", ""en"":""[English]Onko rakennuksessa työpistealue?""}",,True,"{""fi"":"""", ""se"":"""", ""en"":"""" }"
55,703,Toimistotila,"{""fi"":""Onko rakennuksessa toimistotila?"", ""sv"":""[Svenska]Onko rakennuksessa toimistotila?"", ""en"":""[English]Onko rakennuksessa toimistotila?""}",,True,"{""fi"":"""", ""se"":"""", ""en"":"""" }"
56,704,Toimistohuone,"{""fi"":""Onko rakennuksessa toimistohuone?"", ""sv"":""[Svenska]Onko rakennuksessa toimistohuone?"", ""en"":""[English]Onko rakennuksessa toimistohuone?""}",,True,"{""fi"":"""", ""se"":"""", ""en"":"""" }"
57,705,Neuvottelualue,"{""fi"":""Onko rakennuksessa neuvottelualue?"", ""sv"":""[Svenska]Onko rakennuksessa neuvottelualue?"", ""en"":""[English]Onko rakennuksessa neuvottelualue?""}",,True,"{""fi"":"""", ""se"":"""", ""en"":"""" }"
58,706,Neuvottelutila,"{""fi"":""Onko rakennuksessa neuvottelutila?"", ""sv"":""[Svenska]Onko rakennuksessa neuvottelutila?"", ""en"":""[English]Onko rakennuksessa neuvottelutila?""}",,True,"{""fi"":"""", ""se"":"""", ""en"":"""" }"
59,707,Toimistoaputila,"{""fi"":""Onko rakennuksessa toimistoaputila?"", ""sv"":""[Svenska]Onko rakennuksessa toimistoaputila?"", ""en"":""[English]Onko rakennuksessa toimistoaputila?""}",,True,"{""fi"":"""", ""se"":"""", ""en"":"""" }"
60,708,Valvomo,"{""fi"":""Onko rakennuksessa valvomo?"", ""sv"":""[Svenska]Onko rakennuksessa valvomo?"", ""en"":""[English]Onko rakennuksessa valvomo?""}",,True,"{""fi"":"""", ""se"":"""", ""en"":"""" }"
61,709,Postinjakelu,"{""fi"":""Onko rakennuksessa postinjakelu?"", ""sv"":""[Svenska]Onko rakennuksessa postinjakelu?"", ""en"":""[English]Onko rakennuksessa postinjakelu?""}",,False,"{""fi"":"""", ""se"":"""", ""en"":"""" }"
62,710,Arkistotila,"{""fi"":""Onko rakennuksessa arkistotila?"", ""sv"":""[Svenska]Onko rakennuksessa arkistotila?"", ""en"":""[English]Onko rakennuksessa arkistotila?""}",,True,"{""fi"":"""", ""se"":"""", ""en"":"""" }"
63,711,Palveltila,"{""fi"":""Onko rakennuksessa palveltila?"", ""sv"":""[Svenska]Onko rakennuksessa palveltila?"", ""en"":""[English]Onko rakennuksessa palveltila?""}",,False,"{""fi"":"""", ""se"":"""", ""en"":"""" }"
64,712,Postijakelu,"{""fi"":""Onko rakennuksessa postijakelu?"", ""sv"":""[Svenska]Onko rakennuksessa postijakelu?"", ""en"":""[English]Onko rakennuksessa postijakelu?""}",,False,"{""fi"":"""", ""se"":"""", ""en"":"""" }"
65,8,Henkilöstö,"{""fi"":""Onko rakennuksessa henkilöstö?"", ""sv"":""[Svenska]Onko rakennuksessa henkilöstö?"", ""en"":""[English]Onko rakennuksessa henkilöstö?""}",,True,"{""fi"":"""", ""se"":"""", ""en"":"""" }"
66,801,Taukotila,"{""fi"":""Onko rakennuksessa taukotila?"", ""sv"":""[Svenska]Onko rakennuksessa taukotila?"", ""en"":""[English]Onko rakennuksessa taukotila?""}",,True,"{""fi"":"""", ""se"":"""", ""en"":"""" }"
67,802,Säilytyslokerot,"{""fi"":""Onko rakennuksessa säilytyslokerot?"", ""sv"":""[Svenska]Onko rakennuksessa säilytyslokerot?"", ""en"":""[English]Onko rakennuksessa säilytyslokerot?""}",,True,"{""fi"":"""", ""se"":"""", ""en"":"""" }"
68,803,Kiinteistötoiminta,"{""fi"":""Onko rakennuksessa kiinteistötoiminta?"", ""sv"":""[Svenska]Onko rakennuksessa kiinteistötoiminta?"", ""en"":""[English]Onko rakennuksessa kiinteistötoiminta?""}",,True,"{""fi"":"""", ""se"":"""", ""en"":"""" }"
69,9,Laitospalvelu,"{""fi"":""Onko rakennuksessa laitospalvelu?"", ""sv"":""[Svenska]Onko rakennuksessa laitospalvelu?"", ""en"":""[English]Onko rakennuksessa laitospalvelu?""}",,True,"{""fi"":"""", ""se"":"""", ""en"":"""" }"
70,901,Huoltohuone,"{""fi"":""Onko rakennuksessa huoltohuone?"", ""sv"":""[Svenska]Onko rakennuksessa huoltohuone?"", ""en"":""[English]Onko rakennuksessa huoltohuone?""}",,True,"{""fi"":"""", ""se"":"""", ""en"":"""" }"
71,902,Jakelukeittiö,"{""fi"":""Onko rakennuksessa jakelukeittiö?"", ""sv"":""[Svenska]Onko rakennuksessa jakelukeittiö?"", ""en"":""[English]Onko rakennuksessa jakelukeittiö?""}",,True,"{""fi"":"""", ""se"":"""", ""en"":"""" }"
72,903,Lääkehuone,"{""fi"":""Onko rakennuksessa lääkehuone?"", ""sv"":""[Svenska]Onko rakennuksessa lääkehuone?"", ""en"":""[English]Onko rakennuksessa lääkehuone?""}",,True,"{""fi"":"""", ""se"":"""", ""en"":"""" }"
73,904,Tavaran vastaanotto,"{""fi"":""Onko rakennuksessa tavaran vastaanotto?"", ""sv"":""[Svenska]Onko rakennuksessa tavaran vastaanotto?"", ""en"":""[English]Onko rakennuksessa tavaran vastaanotto?""}",,True,"{""fi"":"""", ""se"":"""", ""en"":"""" }"
74,905,Varastosyvennys,"{""fi"":""Onko rakennuksessa varastosyvennys?"", ""sv"":""[Svenska]Onko rakennuksessa varastosyvennys?"", ""en"":""[English]Onko rakennuksessa varastosyvennys?""}",,True,"{""fi"":"""", ""se"":"""", ""en"":"""" }"
75,906,Pesula,"{""fi"":""Onko rakennuksessa pesula?"", ""sv"":""[Svenska]Onko rakennuksessa pesula?"", ""en"":""[English]Onko rakennuksessa pesula?""}",,True,"{""fi"":"""", ""se"":"""", ""en"":"""" }"
76,10,Asunto,"{""fi"":""Onko rakennuksessa asunto?"", ""sv"":""[Svenska]Onko rakennuksessa asunto?"", ""en"":""[English]Onko rakennuksessa asunto?""}",,False,"{""fi"":"""", ""se"":"""", ""en"":"""" }"
77,1001,Tupa,"{""fi"":""Onko rakennuksessa tupa?"", ""sv"":""[Svenska]Onko rakennuksessa tupa?"", ""en"":""[English]Onko rakennuksessa tupa?""}",,True,"{""fi"":"""", ""se"":"""", ""en"":"""" }"
78,11,Varastointi,"{""fi"":""Onko rakennuksessa varastointi?"", ""sv"":""[Svenska]Onko rakennuksessa varastointi?"", ""en"":""[English]Onko rakennuksessa varastointi?""}",,True,"{""fi"":"""", ""se"":"""", ""en"":"""" }"
79,1101,"Varastohuone, lämmittämätön","{""fi"":""Onko rakennuksessa varastohuone, lämmittämätön?"", ""sv"":""[Svenska]Onko rakennuksessa varastohuone, lämmittämätön?"", ""en"":""[English]Onko rakennuksessa varastohuone, lämmittämätön?""}",,True,"{""fi"":"""", ""se"":"""", ""en"":"""" }"
80,1102,Kylmävarasto,"{""fi"":""Onko rakennuksessa kylmävarasto?"", ""sv"":""[Svenska]Onko rakennuksessa kylmävarasto?"", ""en"":""[English]Onko rakennuksessa kylmävarasto?""}",,True,"{""fi"":"""", ""se"":"""", ""en"":"""" }"
81,1103,Pakastevarasto,"{""fi"":""Onko rakennuksessa pakastevarasto?"", ""sv"":""[Svenska]Onko rakennuksessa pakastevarasto?"", ""en"":""[English]Onko rakennuksessa pakastevarasto?""}",,True,"{""fi"":"""", ""se"":"""", ""en"":"""" }"
82,1104,Ulkovarasto,"{""fi"":""Onko rakennuksessa ulkovarasto?"", ""sv"":""[Svenska]Onko rakennuksessa ulkovarasto?"", ""en"":""[English]Onko rakennuksessa ulkovarasto?""}",,True,"{""fi"":"""", ""se"":"""", ""en"":"""" }"
83,12,Saunominen,"{""fi"":""Onko rakennuksessa saunominen?"", ""sv"":""[Svenska]Onko rakennuksessa saunominen?"", ""en"":""[English]Onko rakennuksessa saunominen?""}",,False,"{""fi"":"""", ""se"":"""", ""en"":"""" }"
84,13,Kauppa,"{""fi"":""Onko rakennuksessa kauppa?"", ""sv"":""[Svenska]Onko rakennuksessa kauppa?"", ""en"":""[English]Onko rakennuksessa kauppa?""}",,True,"{""fi"":"""", ""se"":"""", ""en"":"""" }"
85,1301,Kassa-alue,"{""fi"":""Onko rakennuksessa kassa-alue?"", ""sv"":""[Svenska]Onko rakennuksessa kassa-alue?"", ""en"":""[English]Onko rakennuksessa kassa-alue?""}",,True,"{""fi"":"""", ""se"":"""", ""en"":"""" }"
86,1302,Laitetila,"{""fi"":""Onko rakennuksessa laitetila?"", ""sv"":""[Svenska]Onko rakennuksessa laitetila?"", ""en"":""[English]Onko rakennuksessa laitetila?""}",,True,"{""fi"":"""", ""se"":"""", ""en"":"""" }"
87,1303,Myyntialue,"{""fi"":""Onko rakennuksessa myyntialue?"", ""sv"":""[Svenska]Onko rakennuksessa myyntialue?"", ""en"":""[English]Onko rakennuksessa myyntialue?""}",,True,"{""fi"":"""", ""se"":"""", ""en"":"""" }"
88,1304,Varastotila,"{""fi"":""Onko rakennuksessa varastotila?"", ""sv"":""[Svenska]Onko rakennuksessa varastotila?"", ""en"":""[English]Onko rakennuksessa varastotila?""}",,True,"{""fi"":"""", ""se"":"""", ""en"":"""" }"
89,1305,Palvelupiste,"{""fi"":""Onko rakennuksessa palvelupiste?"", ""sv"":""[Svenska]Onko rakennuksessa palvelupiste?"", ""en"":""[English]Onko rakennuksessa palvelupiste?""}",,True,"{""fi"":"""", ""se"":"""", ""en"":"""" }"
90,1306,Sovitustila,"{""fi"":""Onko rakennuksessa sovitustila?"", ""sv"":""[Svenska]Onko rakennuksessa sovitustila?"", ""en"":""[English]Onko rakennuksessa sovitustila?""}",,True,"{""fi"":"""", ""se"":"""", ""en"":"""" }"
91,1307,Varastohalli,"{""fi"":""Onko rakennuksessa varastohalli?"", ""sv"":""[Svenska]Onko rakennuksessa varastohalli?"", ""en"":""[English]Onko rakennuksessa varastohalli?""}",,True,"{""fi"":"""", ""se"":"""", ""en"":"""" }"
92,1308,Liiketila,"{""fi"":""Onko rakennuksessa liiketila?"", ""sv"":""[Svenska]Onko rakennuksessa liiketila?"", ""en"":""[English]Onko rakennuksessa liiketila?""}",,False,"{""fi"":"""", ""se"":"""", ""en"":"""" }"
93,14,Muu toiminta,"{""fi"":""Onko rakennuksessa muu toiminta?"", ""sv"":""[Svenska]Onko rakennuksessa muu toiminta?"", ""en"":""[English]Onko rakennuksessa muu toiminta?""}",,False,"{""fi"":"""", ""se"":"""", ""en"":"""" }"
94,1401,Valmistuskeittiö,"{""fi"":""Onko rakennuksessa valmistuskeittiö?"", ""sv"":""[Svenska]Onko rakennuksessa valmistuskeittiö?"", ""en"":""[English]Onko rakennuksessa valmistuskeittiö?""}",,True,"{""fi"":"""", ""se"":"""", ""en"":"""" }"
95,1402,ATK-opetustila,"{""fi"":""Onko rakennuksessa atk-opetustila?"", ""sv"":""[Svenska]Onko rakennuksessa atk-opetustila?"", ""en"":""[English]Onko rakennuksessa atk-opetustila?""}",,True,"{""fi"":"""", ""se"":"""", ""en"":"""" }"
96,1403,Kappelisali,"{""fi"":""Onko rakennuksessa kappelisali?"", ""sv"":""[Svenska]Onko rakennuksessa kappelisali?"", ""en"":""[English]Onko rakennuksessa kappelisali?""}",,True,"{""fi"":"""", ""se"":"""", ""en"":"""" }"
97,1404,Metallityötila,"{""fi"":""Onko rakennuksessa metallityötila?"", ""sv"":""[Svenska]Onko rakennuksessa metallityötila?"", ""en"":""[English]Onko rakennuksessa metallityötila?""}",,True,"{""fi"":"""", ""se"":"""", ""en"":"""" }"
98,1405,Opetuskeittiö,"{""fi"":""Onko rakennuksessa opetuskeittiö?"", ""sv"":""[Svenska]Onko rakennuksessa opetuskeittiö?"", ""en"":""[English]Onko rakennuksessa opetuskeittiö?""}",,True,"{""fi"":"""", ""se"":"""", ""en"":"""" }"
99,1406,Puutyökonesali,"{""fi"":""Onko rakennuksessa puutyökonesali?"", ""sv"":""[Svenska]Onko rakennuksessa puutyökonesali?"", ""en"":""[English]Onko rakennuksessa puutyökonesali?""}",,True,"{""fi"":"""", ""se"":"""", ""en"":"""" }"
100,1407,Sähkötyötila,"{""fi"":""Onko rakennuksessa sähkötyötila?"", ""sv"":""[Svenska]Onko rakennuksessa sähkötyötila?"", ""en"":""[English]Onko rakennuksessa sähkötyötila?""}",,True,"{""fi"":"""", ""se"":"""", ""en"":"""" }"
101,1408,Tapaamistila,"{""fi"":""Onko rakennuksessa tapaamistila?"", ""sv"":""[Svenska]Onko rakennuksessa tapaamistila?"", ""en"":""[English]Onko rakennuksessa tapaamistila?""}",,True,"{""fi"":"""", ""se"":"""", ""en"":"""" }"
102,1409,Tekstiilityötila,"{""fi"":""Onko rakennuksessa tekstiilityötila?"", ""sv"":""[Svenska]Onko rakennuksessa tekstiilityötila?"", ""en"":""[English]Onko rakennuksessa tekstiilityötila?""}",,True,"{""fi"":"""", ""se"":"""", ""en"":"""" }"
103,15,Ravinto,"{""fi"":""Onko rakennuksessa ravinto?"", ""sv"":""[Svenska]Onko rakennuksessa ravinto?"", ""en"":""[English]Onko rakennuksessa ravinto?""}",,True,"{""fi"":"""", ""se"":"""", ""en"":"""" }"
104,1501,Baari,"{""fi"":""Onko rakennuksessa baari?"", ""sv"":""[Svenska]Onko rakennuksessa baari?"", ""en"":""[English]Onko rakennuksessa baari?""}",,True,"{""fi"":"""", ""se"":"""", ""en"":"""" }"
105,1502,Jätekylmiö,"{""fi"":""Onko rakennuksessa jätekylmiö?"", ""sv"":""[Svenska]Onko rakennuksessa jätekylmiö?"", ""en"":""[English]Onko rakennuksessa jätekylmiö?""}",,True,"{""fi"":"""", ""se"":"""", ""en"":"""" }"
106,1503,Ravintolasali,"{""fi"":""Onko rakennuksessa ravintolasali?"", ""sv"":""[Svenska]Onko rakennuksessa ravintolasali?"", ""en"":""[English]Onko rakennuksessa ravintolasali?""}",,True,"{""fi"":"""", ""se"":"""", ""en"":"""" }"
107,1504,Vaatetila,"{""fi"":""Onko rakennuksessa vaatetila?"", ""sv"":""[Svenska]Onko rakennuksessa vaatetila?"", ""en"":""[English]Onko rakennuksessa vaatetila?""}",,True,"{""fi"":"""", ""se"":"""", ""en"":"""" }"
108,1505,Kahvilasali,"{""fi"":""Onko rakennuksessa kahvilasali?"", ""sv"":""[Svenska]Onko rakennuksessa kahvilasali?"", ""en"":""[English]Onko rakennuksessa kahvilasali?""}",,True,"{""fi"":"""", ""se"":"""", ""en"":"""" }"
109,1506,Astiapalautus,"{""fi"":""Onko rakennuksessa astiapalautus?"", ""sv"":""[Svenska]Onko rakennuksessa astiapalautus?"", ""en"":""[English]Onko rakennuksessa astiapalautus?""}",,True,"{""fi"":"""", ""se"":"""", ""en"":"""" }"
110,1507,Kuumennuskeittiö,"{""fi"":""Onko rakennuksessa kuumennuskeittiö?"", ""sv"":""[Svenska]Onko rakennuksessa kuumennuskeittiö?"", ""en"":""[English]Onko rakennuksessa kuumennuskeittiö?""}",,True,"{""fi"":"""", ""se"":"""", ""en"":"""" }"
111,1508,Ruokasali,"{""fi"":""Onko rakennuksessa ruokasali?"", ""sv"":""[Svenska]Onko rakennuksessa ruokasali?"", ""en"":""[English]Onko rakennuksessa ruokasali?""}",,True,"{""fi"":"""", ""se"":"""", ""en"":"""" }"
112,1509,Ruuanjakelu,"{""fi"":""Onko rakennuksessa ruuanjakelu?"", ""sv"":""[Svenska]Onko rakennuksessa ruuanjakelu?"", ""en"":""[English]Onko rakennuksessa ruuanjakelu?""}",,True,"{""fi"":"""", ""se"":"""", ""en"":"""" }"
113,1510,Astianpalautus,"{""fi"":""Onko rakennuksessa astianpalautus?"", ""sv"":""[Svenska]Onko rakennuksessa astianpalautus?"", ""en"":""[English]Onko rakennuksessa astianpalautus?""}",,True,"{""fi"":"""", ""se"":"""", ""en"":"""" }"
114,16,Majoitus,"{""fi"":""Onko rakennuksessa majoitus?"", ""sv"":""[Svenska]Onko rakennuksessa majoitus?"", ""en"":""[English]Onko rakennuksessa majoitus?""}",,True,"{""fi"":"""", ""se"":"""", ""en"":"""" }"
115,1601,Majoitushuone,"{""fi"":""Onko rakennuksessa majoitushuone?"", ""sv"":""[Svenska]Onko rakennuksessa majoitushuone?"", ""en"":""[English]Onko rakennuksessa majoitushuone?""}",,True,"{""fi"":"""", ""se"":"""", ""en"":"""" }"
116,17,Asiakaspalvelu,"{""fi"":""Onko rakennuksessa asiakaspalvelu?"", ""sv"":""[Svenska]Onko rakennuksessa asiakaspalvelu?"", ""en"":""[English]Onko rakennuksessa asiakaspalvelu?""}",,True,"{""fi"":"""", ""se"":"""", ""en"":"""" }"
117,1701,Sulkutila,"{""fi"":""Onko rakennuksessa sulkutila?"", ""sv"":""[Svenska]Onko rakennuksessa sulkutila?"", ""en"":""[English]Onko rakennuksessa sulkutila?""}",,True,"{""fi"":"""", ""se"":"""", ""en"":"""" }"
118,1702,Hoitohuone,"{""fi"":""Onko rakennuksessa hoitohuone?"", ""sv"":""[Svenska]Onko rakennuksessa hoitohuone?"", ""en"":""[English]Onko rakennuksessa hoitohuone?""}",,True,"{""fi"":"""", ""se"":"""", ""en"":"""" }"
119,1703,Itsepalvelupiste,"{""fi"":""Onko rakennuksessa itsepalvelupiste?"", ""sv"":""[Svenska]Onko rakennuksessa itsepalvelupiste?"", ""en"":""[English]Onko rakennuksessa itsepalvelupiste?""}",,True,"{""fi"":"""", ""se"":"""", ""en"":"""" }"
120,1704,Palvelutila,"{""fi"":""Onko rakennuksessa palvelutila?"", ""sv"":""[Svenska]Onko rakennuksessa palvelutila?"", ""en"":""[English]Onko rakennuksessa palvelutila?""}",,True,"{""fi"":"""", ""se"":"""", ""en"":"""" }"
121,1705,Katos,"{""fi"":""Onko rakennuksessa katos?"", ""sv"":""[Svenska]Onko rakennuksessa katos?"", ""en"":""[English]Onko rakennuksessa katos?""}",,True,"{""fi"":"""", ""se"":"""", ""en"":"""" }"
122,18,Kokoontuminen,"{""fi"":""Onko rakennuksessa kokoontuminen?"", ""sv"":""[Svenska]Onko rakennuksessa kokoontuminen?"", ""en"":""[English]Onko rakennuksessa kokoontuminen?""}",,True,"{""fi"":"""", ""se"":"""", ""en"":"""" }"
123,1801,Kokoushuone,"{""fi"":""Onko rakennuksessa kokoushuone?"", ""sv"":""[Svenska]Onko rakennuksessa kokoushuone?"", ""en"":""[English]Onko rakennuksessa kokoushuone?""}",,True,"{""fi"":"""", ""se"":"""", ""en"":"""" }"
124,1802,Lämpiö,"{""fi"":""Onko rakennuksessa lämpiö?"", ""sv"":""[Svenska]Onko rakennuksessa lämpiö?"", ""en"":""[English]Onko rakennuksessa lämpiö?""}",,True,"{""fi"":"""", ""se"":"""", ""en"":"""" }"
125,1803,Monitoimitila,"{""fi"":""Onko rakennuksessa monitoimitila?"", ""sv"":""[Svenska]Onko rakennuksessa monitoimitila?"", ""en"":""[English]Onko rakennuksessa monitoimitila?""}",,True,"{""fi"":"""", ""se"":"""", ""en"":"""" }"
126,1804,Odotustila,"{""fi"":""Onko rakennuksessa odotustila?"", ""sv"":""[Svenska]Onko rakennuksessa odotustila?"", ""en"":""[English]Onko rakennuksessa odotustila?""}",,True,"{""fi"":"""", ""se"":"""", ""en"":"""" }"
127,1805,Kokoussali,"{""fi"":""Onko rakennuksessa kokoussali?"", ""sv"":""[Svenska]Onko rakennuksessa kokoussali?"", ""en"":""[English]Onko rakennuksessa kokoussali?""}",,True,"{""fi"":"""", ""se"":"""", ""en"":"""" }"
128,1806,Elokuvasali,"{""fi"":""Onko rakennuksessa elokuvasali?"", ""sv"":""[Svenska]Onko rakennuksessa elokuvasali?"", ""en"":""[English]Onko rakennuksessa elokuvasali?""}",,True,"{""fi"":"""", ""se"":"""", ""en"":"""" }"
129,1807,Kahvikeittiö,"{""fi"":""Onko rakennuksessa kahvikeittiö?"", ""sv"":""[Svenska]Onko rakennuksessa kahvikeittiö?"", ""en"":""[English]Onko rakennuksessa kahvikeittiö?""}",,True,"{""fi"":"""", ""se"":"""", ""en"":"""" }"
130,1808,Sali,"{""fi"":""Onko rakennuksessa sali?"", ""sv"":""[Svenska]Onko rakennuksessa sali?"", ""en"":""[English]Onko rakennuksessa sali?""}",,True,"{""fi"":"""", ""se"":"""", ""en"":"""" }"
131,1809,Kirkkosali,"{""fi"":""Onko rakennuksessa kirkkosali?"", ""sv"":""[Svenska]Onko rakennuksessa kirkkosali?"", ""en"":""[English]Onko rakennuksessa kirkkosali?""}",,True,"{""fi"":"""", ""se"":"""", ""en"":"""" }"
132,1810,Sakaristo,"{""fi"":""Onko rakennuksessa sakaristo?"", ""sv"":""[Svenska]Onko rakennuksessa sakaristo?"", ""en"":""[English]Onko rakennuksessa sakaristo?""}",,True,"{""fi"":"""", ""se"":"""", ""en"":"""" }"
133,1811,Lähivarasto,"{""fi"":""Onko rakennuksessa lähivarasto?"", ""sv"":""[Svenska]Onko rakennuksessa lähivarasto?"", ""en"":""[English]Onko rakennuksessa lähivarasto?""}",,True,"{""fi"":"""", ""se"":"""", ""en"":"""" }"
134,19,Virkistys,"{""fi"":""Onko rakennuksessa virkistys?"", ""sv"":""[Svenska]Onko rakennuksessa virkistys?"", ""en"":""[English]Onko rakennuksessa virkistys?""}",,True,"{""fi"":"""", ""se"":"""", ""en"":"""" }"
135,1901,Kuntosali,"{""fi"":""Onko rakennuksessa kuntosali?"", ""sv"":""[Svenska]Onko rakennuksessa kuntosali?"", ""en"":""[English]Onko rakennuksessa kuntosali?""}",,True,"{""fi"":"""", ""se"":"""", ""en"":"""" }"
136,20,Liikenne,"{""fi"":""Onko rakennuksessa liikenne?"", ""sv"":""[Svenska]Onko rakennuksessa liikenne?"", ""en"":""[English]Onko rakennuksessa liikenne?""}",,True,"{""fi"":"""", ""se"":"""", ""en"":"""" }"
137,2001,Kalustohalli,"{""fi"":""Onko rakennuksessa kalustohalli?"", ""sv"":""[Svenska]Onko rakennuksessa kalustohalli?"", ""en"":""[English]Onko rakennuksessa kalustohalli?""}",,True,"{""fi"":"""", ""se"":"""", ""en"":"""" }"
138,2002,Lastaustila,"{""fi"":""Onko rakennuksessa lastaustila?"", ""sv"":""[Svenska]Onko rakennuksessa lastaustila?"", ""en"":""[English]Onko rakennuksessa lastaustila?""}",,True,"{""fi"":"""", ""se"":"""", ""en"":"""" }"
139,2003,Materiaalin käsittely,"{""fi"":""Onko rakennuksessa materiaalin käsittely?"", ""sv"":""[Svenska]Onko rakennuksessa materiaalin käsittely?"", ""en"":""[English]Onko rakennuksessa materiaalin käsittely?""}",,True,"{""fi"":"""", ""se"":"""", ""en"":"""" }"
140,2004,Palvelukeittiö,"{""fi"":""Onko rakennuksessa palvelukeittiö?"", ""sv"":""[Svenska]Onko rakennuksessa palvelukeittiö?"", ""en"":""[English]Onko rakennuksessa palvelukeittiö?""}",,True,"{""fi"":"""", ""se"":"""", ""en"":"""" }"
141,2005,Tarkastusalue,"{""fi"":""Onko rakennuksessa tarkastusalue?"", ""sv"":""[Svenska]Onko rakennuksessa tarkastusalue?"", ""en"":""[English]Onko rakennuksessa tarkastusalue?""}",,True,"{""fi"":"""", ""se"":"""", ""en"":"""" }"
142,2006,Tarkastuspiste,"{""fi"":""Onko rakennuksessa tarkastuspiste?"", ""sv"":""[Svenska]Onko rakennuksessa tarkastuspiste?"", ""en"":""[English]Onko rakennuksessa tarkastuspiste?""}",,True,"{""fi"":"""", ""se"":"""", ""en"":"""" }"
143,2007,Tarkastustila,"{""fi"":""Onko rakennuksessa tarkastustila?"", ""sv"":""[Svenska]Onko rakennuksessa tarkastustila?"", ""en"":""[English]Onko rakennuksessa tarkastustila?""}",,True,"{""fi"":"""", ""se"":"""", ""en"":"""" }"
144,2008,Eläintila,"{""fi"":""Onko rakennuksessa eläintila?"", ""sv"":""[Svenska]Onko rakennuksessa eläintila?"", ""en"":""[English]Onko rakennuksessa eläintila?""}",,True,"{""fi"":"""", ""se"":"""", ""en"":"""" }"
145,2009,Tupakointitila,"{""fi"":""Onko rakennuksessa tupakointitila?"", ""sv"":""[Svenska]Onko rakennuksessa tupakointitila?"", ""en"":""[English]Onko rakennuksessa tupakointitila?""}",,True,"{""fi"":"""", ""se"":"""", ""en"":"""" }"
146,21,Auto- ja kalustosäilytys,"{""fi"":""Onko rakennuksessa auto- ja kalustosäilytys?"", ""sv"":""[Svenska]Onko rakennuksessa auto- ja kalustosäilytys?"", ""en"":""[English]Onko rakennuksessa auto- ja kalustosäilytys?""}",,True,"{""fi"":"""", ""se"":"""", ""en"":"""" }"
147,2101,Ajoramppi,"{""fi"":""Onko rakennuksessa ajoramppi?"", ""sv"":""[Svenska]Onko rakennuksessa ajoramppi?"", ""en"":""[English]Onko rakennuksessa ajoramppi?""}",,True,"{""fi"":"""", ""se"":"""", ""en"":"""" }"
148,2102,Ajoväylä,"{""fi"":""Onko rakennuksessa ajoväylä?"", ""sv"":""[Svenska]Onko rakennuksessa ajoväylä?"", ""en"":""[English]Onko rakennuksessa ajoväylä?""}",,True,"{""fi"":"""", ""se"":"""", ""en"":"""" }"
149,2103,Pysäköintihalli,"{""fi"":""Onko rakennuksessa pysäköintihalli?"", ""sv"":""[Svenska]Onko rakennuksessa pysäköintihalli?"", ""en"":""[English]Onko rakennuksessa pysäköintihalli?""}",,True,"{""fi"":"""", ""se"":"""", ""en"":"""" }"
150,2104,Autokatos,"{""fi"":""Onko rakennuksessa autokatos?"", ""sv"":""[Svenska]Onko rakennuksessa autokatos?"", ""en"":""[English]Onko rakennuksessa autokatos?""}",,True,"{""fi"":"""", ""se"":"""", ""en"":"""" }"
151,22,Auto- ja kalustohuolto,"{""fi"":""Onko rakennuksessa auto- ja kalustohuolto?"", ""sv"":""[Svenska]Onko rakennuksessa auto- ja kalustohuolto?"", ""en"":""[English]Onko rakennuksessa auto- ja kalustohuolto?""}",,True,"{""fi"":"""", ""se"":"""", ""en"":"""" }"
152,2201,Huoltohalli,"{""fi"":""Onko rakennuksessa huoltohalli?"", ""sv"":""[Svenska]Onko rakennuksessa huoltohalli?"", ""en"":""[English]Onko rakennuksessa huoltohalli?""}",,True,"{""fi"":"""", ""se"":"""", ""en"":"""" }"
153,2202,Työnjohtotila,"{""fi"":""Onko rakennuksessa työnjohtotila?"", ""sv"":""[Svenska]Onko rakennuksessa työnjohtotila?"", ""en"":""[English]Onko rakennuksessa työnjohtotila?""}",,True,"{""fi"":"""", ""se"":"""", ""en"":"""" }"
154,2203,Verstas,"{""fi"":""Onko rakennuksessa verstas?"", ""sv"":""[Svenska]Onko rakennuksessa verstas?"", ""en"":""[English]Onko rakennuksessa verstas?""}",,True,"{""fi"":"""", ""se"":"""", ""en"":"""" }"
155,2204,Huoltohallli,"{""fi"":""Onko rakennuksessa huoltohallli?"", ""sv"":""[Svenska]Onko rakennuksessa huoltohallli?"", ""en"":""[English]Onko rakennuksessa huoltohallli?""}",,True,"{""fi"":"""", ""se"":"""", ""en"":"""" }"
156,23,Tuotanto,"{""fi"":""Onko rakennuksessa tuotanto?"", ""sv"":""[Svenska]Onko rakennuksessa tuotanto?"", ""en"":""[English]Onko rakennuksessa tuotanto?""}",,True,"{""fi"":"""", ""se"":"""", ""en"":"""" }"
157,2301,Palvelinsali,"{""fi"":""Onko rakennuksessa palvelinsali?"", ""sv"":""[Svenska]Onko rakennuksessa palvelinsali?"", ""en"":""[English]Onko rakennuksessa palvelinsali?""}",,True,"{""fi"":"""", ""se"":"""", ""en"":"""" }"
158,2302,Sulkutilat,"{""fi"":""Onko rakennuksessa sulkutilat?"", ""sv"":""[Svenska]Onko rakennuksessa sulkutilat?"", ""en"":""[English]Onko rakennuksessa sulkutilat?""}",,True,"{""fi"":"""", ""se"":"""", ""en"":"""" }"
159,2303,Tuotantotila,"{""fi"":""Onko rakennuksessa tuotantotila?"", ""sv"":""[Svenska]Onko rakennuksessa tuotantotila?"", ""en"":""[English]Onko rakennuksessa tuotantotila?""}",,True,"{""fi"":"""", ""se"":"""", ""en"":"""" }"
160,2304,Allastila,"{""fi"":""Onko rakennuksessa allastila?"", ""sv"":""[Svenska]Onko rakennuksessa allastila?"", ""en"":""[English]Onko rakennuksessa allastila?""}",,True,"{""fi"":"""", ""se"":"""", ""en"":"""" }"
161,2305,Prosessihalli,"{""fi"":""Onko rakennuksessa prosessihalli?"", ""sv"":""[Svenska]Onko rakennuksessa prosessihalli?"", ""en"":""[English]Onko rakennuksessa prosessihalli?""}",,True,"{""fi"":"""", ""se"":"""", ""en"":"""" }"
162,24,Terveys,"{""fi"":""Onko rakennuksessa terveys?"", ""sv"":""[Svenska]Onko rakennuksessa terveys?"", ""en"":""[English]Onko rakennuksessa terveys?""}",,True,"{""fi"":"""", ""se"":"""", ""en"":"""" }"
163,2401,Itsehoitopiste,"{""fi"":""Onko rakennuksessa itsehoitopiste?"", ""sv"":""[Svenska]Onko rakennuksessa itsehoitopiste?"", ""en"":""[English]Onko rakennuksessa itsehoitopiste?""}",,True,"{""fi"":"""", ""se"":"""", ""en"":"""" }"
164,2402,Lepohuone,"{""fi"":""Onko rakennuksessa lepohuone?"", ""sv"":""[Svenska]Onko rakennuksessa lepohuone?"", ""en"":""[English]Onko rakennuksessa lepohuone?""}",,True,"{""fi"":"""", ""se"":"""", ""en"":"""" }"
165,2403,Toimenpidehuone,"{""fi"":""Onko rakennuksessa toimenpidehuone?"", ""sv"":""[Svenska]Onko rakennuksessa toimenpidehuone?"", ""en"":""[English]Onko rakennuksessa toimenpidehuone?""}",,True,"{""fi"":"""", ""se"":"""", ""en"":"""" }"
166,2404,Toimistotyöpiste,"{""fi"":""Onko rakennuksessa toimistotyöpiste?"", ""sv"":""[Svenska]Onko rakennuksessa toimistotyöpiste?"", ""en"":""[English]Onko rakennuksessa toimistotyöpiste?""}",,True,"{""fi"":"""", ""se"":"""", ""en"":"""" }"
167,2405,Vastaanottohuone,"{""fi"":""Onko rakennuksessa vastaanottohuone?"", ""sv"":""[Svenska]Onko rakennuksessa vastaanottohuone?"", ""en"":""[English]Onko rakennuksessa vastaanottohuone?""}",,True,"{""fi"":"""", ""se"":"""", ""en"":"""" }"
168,25,Sairaanhoito,"{""fi"":""Onko rakennuksessa sairaanhoito?"", ""sv"":""[Svenska]Onko rakennuksessa sairaanhoito?"", ""en"":""[English]Onko rakennuksessa sairaanhoito?""}",,True,"{""fi"":"""", ""se"":"""", ""en"":"""" }"
169,2501,Heräämö,"{""fi"":""Onko rakennuksessa heräämö?"", ""sv"":""[Svenska]Onko rakennuksessa heräämö?"", ""en"":""[English]Onko rakennuksessa heräämö?""}",,True,"{""fi"":"""", ""se"":"""", ""en"":"""" }"
170,2502,Lastenhoitohuone,"{""fi"":""Onko rakennuksessa lastenhoitohuone?"", ""sv"":""[Svenska]Onko rakennuksessa lastenhoitohuone?"", ""en"":""[English]Onko rakennuksessa lastenhoitohuone?""}",,True,"{""fi"":"""", ""se"":"""", ""en"":"""" }"
171,2503,Leikkaussali,"{""fi"":""Onko rakennuksessa leikkaussali?"", ""sv"":""[Svenska]Onko rakennuksessa leikkaussali?"", ""en"":""[English]Onko rakennuksessa leikkaussali?""}",,True,"{""fi"":"""", ""se"":"""", ""en"":"""" }"
172,2504,Liikuntatila,"{""fi"":""Onko rakennuksessa liikuntatila?"", ""sv"":""[Svenska]Onko rakennuksessa liikuntatila?"", ""en"":""[English]Onko rakennuksessa liikuntatila?""}",,True,"{""fi"":"""", ""se"":"""", ""en"":"""" }"
173,2505,"Pesuhuone, esteetön","{""fi"":""Onko rakennuksessa pesuhuone, esteetön?"", ""sv"":""[Svenska]Onko rakennuksessa pesuhuone, esteetön?"", ""en"":""[English]Onko rakennuksessa pesuhuone, esteetön?""}",,True,"{""fi"":"""", ""se"":"""", ""en"":"""" }"
174,2506,Pesupiste,"{""fi"":""Onko rakennuksessa pesupiste?"", ""sv"":""[Svenska]Onko rakennuksessa pesupiste?"", ""en"":""[English]Onko rakennuksessa pesupiste?""}",,True,"{""fi"":"""", ""se"":"""", ""en"":"""" }"
175,2507,Potilashuone,"{""fi"":""Onko rakennuksessa potilashuone?"", ""sv"":""[Svenska]Onko rakennuksessa potilashuone?"", ""en"":""[English]Onko rakennuksessa potilashuone?""}",,True,"{""fi"":"""", ""se"":"""", ""en"":"""" }"
176,2508,"Pukuhuone, esteetön","{""fi"":""Onko rakennuksessa pukuhuone, esteetön?"", ""sv"":""[Svenska]Onko rakennuksessa pukuhuone, esteetön?"", ""en"":""[English]Onko rakennuksessa pukuhuone, esteetön?""}",,True,"{""fi"":"""", ""se"":"""", ""en"":"""" }"
177,2509,Ryhmätila,"{""fi"":""Onko rakennuksessa ryhmätila?"", ""sv"":""[Svenska]Onko rakennuksessa ryhmätila?"", ""en"":""[English]Onko rakennuksessa ryhmätila?""}",,True,"{""fi"":"""", ""se"":"""", ""en"":"""" }"
178,2510,Välinehuoltotila,"{""fi"":""Onko rakennuksessa välinehuoltotila?"", ""sv"":""[Svenska]Onko rakennuksessa välinehuoltotila?"", ""en"":""[English]Onko rakennuksessa välinehuoltotila?""}",,True,"{""fi"":"""", ""se"":"""", ""en"":"""" }"
179,2511,Työtila,"{""fi"":""Onko rakennuksessa työtila?"", ""sv"":""[Svenska]Onko rakennuksessa työtila?"", ""en"":""[English]Onko rakennuksessa työtila?""}",,True,"{""fi"":"""", ""se"":"""", ""en"":"""" }"
180,26,Kuvantaminen,"{""fi"":""Onko rakennuksessa kuvantaminen?"", ""sv"":""[Svenska]Onko rakennuksessa kuvantaminen?"", ""en"":""[English]Onko rakennuksessa kuvantaminen?""}",,True,"{""fi"":"""", ""se"":"""", ""en"":"""" }"
181,2601,Hätäsuihku,"{""fi"":""Onko rakennuksessa hätäsuihku?"", ""sv"":""[Svenska]Onko rakennuksessa hätäsuihku?"", ""en"":""[English]Onko rakennuksessa hätäsuihku?""}",,True,"{""fi"":"""", ""se"":"""", ""en"":"""" }"
182,2602,Laboratoriotyöpiste,"{""fi"":""Onko rakennuksessa laboratoriotyöpiste?"", ""sv"":""[Svenska]Onko rakennuksessa laboratoriotyöpiste?"", ""en"":""[English]Onko rakennuksessa laboratoriotyöpiste?""}",,True,"{""fi"":"""", ""se"":"""", ""en"":"""" }"
183,2603,Tutkimushuone,"{""fi"":""Onko rakennuksessa tutkimushuone?"", ""sv"":""[Svenska]Onko rakennuksessa tutkimushuone?"", ""en"":""[English]Onko rakennuksessa tutkimushuone?""}",,True,"{""fi"":"""", ""se"":"""", ""en"":"""" }"
184,27,Osastohoito,"{""fi"":""Onko rakennuksessa osastohoito?"", ""sv"":""[Svenska]Onko rakennuksessa osastohoito?"", ""en"":""[English]Onko rakennuksessa osastohoito?""}",,True,"{""fi"":"""", ""se"":"""", ""en"":"""" }"
185,28,Laboratorio,"{""fi"":""Onko rakennuksessa laboratorio?"", ""sv"":""[Svenska]Onko rakennuksessa laboratorio?"", ""en"":""[English]Onko rakennuksessa laboratorio?""}",,True,"{""fi"":"""", ""se"":"""", ""en"":"""" }"
186,2801,Laboratoriotila,"{""fi"":""Onko rakennuksessa laboratoriotila?"", ""sv"":""[Svenska]Onko rakennuksessa laboratoriotila?"", ""en"":""[English]Onko rakennuksessa laboratoriotila?""}",,True,"{""fi"":"""", ""se"":"""", ""en"":"""" }"
187,2802,Tutkimuslaitetila,"{""fi"":""Onko rakennuksessa tutkimuslaitetila?"", ""sv"":""[Svenska]Onko rakennuksessa tutkimuslaitetila?"", ""en"":""[English]Onko rakennuksessa tutkimuslaitetila?""}",,True,"{""fi"":"""", ""se"":"""", ""en"":"""" }"
188,29,Harrastus,"{""fi"":""Onko rakennuksessa harrastus?"", ""sv"":""[Svenska]Onko rakennuksessa harrastus?"", ""en"":""[English]Onko rakennuksessa harrastus?""}",,True,"{""fi"":"""", ""se"":"""", ""en"":"""" }"
189,2901,Harrastetila,"{""fi"":""Onko rakennuksessa harrastetila?"", ""sv"":""[Svenska]Onko rakennuksessa harrastetila?"", ""en"":""[English]Onko rakennuksessa harrastetila?""}",,True,"{""fi"":"""", ""se"":"""", ""en"":"""" }"
190,2902,Kirjastotila,"{""fi"":""Onko rakennuksessa kirjastotila?"", ""sv"":""[Svenska]Onko rakennuksessa kirjastotila?"", ""en"":""[English]Onko rakennuksessa kirjastotila?""}",,True,"{""fi"":"""", ""se"":"""", ""en"":"""" }"
191,30,Liikunta,"{""fi"":""Onko rakennuksessa liikunta?"", ""sv"":""[Svenska]Onko rakennuksessa liikunta?"", ""en"":""[English]Onko rakennuksessa liikunta?""}",,True,"{""fi"":"""", ""se"":"""", ""en"":"""" }"
192,3001,Liikuntasali,"{""fi"":""Onko rakennuksessa liikuntasali?"", ""sv"":""[Svenska]Onko rakennuksessa liikuntasali?"", ""en"":""[English]Onko rakennuksessa liikuntasali?""}",,True,"{""fi"":"""", ""se"":"""", ""en"":"""" }"
193,3002,Jäähalli,"{""fi"":""Onko rakennuksessa jäähalli?"", ""sv"":""[Svenska]Onko rakennuksessa jäähalli?"", ""en"":""[English]Onko rakennuksessa jäähalli?""}",,True,"{""fi"":"""", ""se"":"""", ""en"":"""" }"
194,3003,Katsomo,"{""fi"":""Onko rakennuksessa katsomo?"", ""sv"":""[Svenska]Onko rakennuksessa katsomo?"", ""en"":""[English]Onko rakennuksessa katsomo?""}",,True,"{""fi"":"""", ""se"":"""", ""en"":"""" }"
195,3004,Aitio,"{""fi"":""Onko rakennuksessa aitio?"", ""sv"":""[Svenska]Onko rakennuksessa aitio?"", ""en"":""[English]Onko rakennuksessa aitio?""}",,True,"{""fi"":"""", ""se"":"""", ""en"":"""" }"
196,31,Muut palvelut,"{""fi"":""Onko rakennuksessa muut palvelut?"", ""sv"":""[Svenska]Onko rakennuksessa muut palvelut?"", ""en"":""[English]Onko rakennuksessa muut palvelut?""}",,False,"{""fi"":"""", ""se"":"""", ""en"":"""" }"
197,3101,"Löylyhuone, esteetön","{""fi"":""Onko rakennuksessa löylyhuone, esteetön?"", ""sv"":""[Svenska]Onko rakennuksessa löylyhuone, esteetön?"", ""en"":""[English]Onko rakennuksessa löylyhuone, esteetön?""}",,True,"{""fi"":"""", ""se"":"""", ""en"":"""" }"
198,32,Vankila-asuminen,"{""fi"":""Onko rakennuksessa vankila-asuminen?"", ""sv"":""[Svenska]Onko rakennuksessa vankila-asuminen?"", ""en"":""[English]Onko rakennuksessa vankila-asuminen?""}",,True,"{""fi"":"""", ""se"":"""", ""en"":"""" }"
199,3201,Neuvotteluhuone,"{""fi"":""Onko rakennuksessa neuvotteluhuone?"", ""sv"":""[Svenska]Onko rakennuksessa neuvotteluhuone?"", ""en"":""[English]Onko rakennuksessa neuvotteluhuone?""}",,True,"{""fi"":"""", ""se"":"""", ""en"":"""" }"
200,3202,Selli,"{""fi"":""Onko rakennuksessa selli?"", ""sv"":""[Svenska]Onko rakennuksessa selli?"", ""en"":""[English]Onko rakennuksessa selli?""}",,True,"{""fi"":"""", ""se"":"""", ""en"":"""" }"
201,33,Turvallisuus,"{""fi"":""Onko rakennuksessa turvallisuus?"", ""sv"":""[Svenska]Onko rakennuksessa turvallisuus?"", ""en"":""[English]Onko rakennuksessa turvallisuus?""}",,True,"{""fi"":"""", ""se"":"""", ""en"":"""" }"
202,3301,Märkäeteinen,"{""fi"":""Onko rakennuksessa märkäeteinen?"", ""sv"":""[Svenska]Onko rakennuksessa märkäeteinen?"", ""en"":""[English]Onko rakennuksessa märkäeteinen?""}",,True,"{""fi"":"""", ""se"":"""", ""en"":"""" }"
203,3302,Vaatehuoltotila,"{""fi"":""Onko rakennuksessa vaatehuoltotila?"", ""sv"":""[Svenska]Onko rakennuksessa vaatehuoltotila?"", ""en"":""[English]Onko rakennuksessa vaatehuoltotila?""}",,True,"{""fi"":"""", ""se"":"""", ""en"":"""" }"
204,3303,"WC, näyte","{""fi"":""Onko rakennuksessa wc, näyte?"", ""sv"":""[Svenska]Onko rakennuksessa wc, näyte?"", ""en"":""[English]Onko rakennuksessa wc, näyte?""}",1.0,True,"{""fi"":"""", ""se"":"""", ""en"":"""" }"
205,3304,Väestönsuoja,"{""fi"":""Onko rakennuksessa väestönsuoja?"", ""sv"":""[Svenska]Onko rakennuksessa väestönsuoja?"", ""en"":""[English]Onko rakennuksessa väestönsuoja?""}",,True,"{""fi"":"""", ""se"":"""", ""en"":"""" }"
206,34,Kirjasto,"{""fi"":""Onko rakennuksessa kirjasto?"", ""sv"":""[Svenska]Onko rakennuksessa kirjasto?"", ""en"":""[English]Onko rakennuksessa kirjasto?""}",,True,"{""fi"":"""", ""se"":"""", ""en"":"""" }"
207,3401,Kokoelma-alue,"{""fi"":""Onko rakennuksessa kokoelma-alue?"", ""sv"":""[Svenska]Onko rakennuksessa kokoelma-alue?"", ""en"":""[English]Onko rakennuksessa kokoelma-alue?""}",,True,"{""fi"":"""", ""se"":"""", ""en"":"""" }"
208,3402,Lukualue,"{""fi"":""Onko rakennuksessa lukualue?"", ""sv"":""[Svenska]Onko rakennuksessa lukualue?"", ""en"":""[English]Onko rakennuksessa lukualue?""}",,True,"{""fi"":"""", ""se"":"""", ""en"":"""" }"
209,3403,Lukusali,"{""fi"":""Onko rakennuksessa lukusali?"", ""sv"":""[Svenska]Onko rakennuksessa lukusali?"", ""en"":""[English]Onko rakennuksessa lukusali?""}",,True,"{""fi"":"""", ""se"":"""", ""en"":"""" }"
210,3404,Näyttelytila,"{""fi"":""Onko rakennuksessa näyttelytila?"", ""sv"":""[Svenska]Onko rakennuksessa näyttelytila?"", ""en"":""[English]Onko rakennuksessa näyttelytila?""}",,True,"{""fi"":"""", ""se"":"""", ""en"":"""" }"
211,35,Näyttely,"{""fi"":""Onko rakennuksessa näyttely?"", ""sv"":""[Svenska]Onko rakennuksessa näyttely?"", ""en"":""[English]Onko rakennuksessa näyttely?""}",,True,"{""fi"":"""", ""se"":"""", ""en"":"""" }"
212,3501,Näyttelyhalli,"{""fi"":""Onko rakennuksessa näyttelyhalli?"", ""sv"":""[Svenska]Onko rakennuksessa näyttelyhalli?"", ""en"":""[English]Onko rakennuksessa näyttelyhalli?""}",,True,"{""fi"":"""", ""se"":"""", ""en"":"""" }"
213,36,Sisäuinti,"{""fi"":""Onko rakennuksessa sisäuinti?"", ""sv"":""[Svenska]Onko rakennuksessa sisäuinti?"", ""en"":""[English]Onko rakennuksessa sisäuinti?""}",,True,"{""fi"":"""", ""se"":"""", ""en"":"""" }"
214,3601,Uima-allasalue,"{""fi"":""Onko rakennuksessa uima-allasalue?"", ""sv"":""[Svenska]Onko rakennuksessa uima-allasalue?"", ""en"":""[English]Onko rakennuksessa uima-allasalue?""}",,True,"{""fi"":"""", ""se"":"""", ""en"":"""" }"
215,37,Sisäliikunta,"{""fi"":""Onko rakennuksessa sisäliikunta?"", ""sv"":""[Svenska]Onko rakennuksessa sisäliikunta?"", ""en"":""[English]Onko rakennuksessa sisäliikunta?""}",,True,"{""fi"":"""", ""se"":"""", ""en"":"""" }"
216,3701,Urheiluhalli,"{""fi"":""Onko rakennuksessa urheiluhalli?"", ""sv"":""[Svenska]Onko rakennuksessa urheiluhalli?"", ""en"":""[English]Onko rakennuksessa urheiluhalli?""}",,True,"{""fi"":"""", ""se"":"""", ""en"":"""" }"
217,38,Päivähoito,"{""fi"":""Onko rakennuksessa päivähoito?"", ""sv"":""[Svenska]Onko rakennuksessa päivähoito?"", ""en"":""[English]Onko rakennuksessa päivähoito?""}",,True,"{""fi"":"""", ""se"":"""", ""en"":"""" }"
218,3801,Lepo- ja leikkihuone,"{""fi"":""Onko rakennuksessa lepo- ja leikkihuone?"", ""sv"":""[Svenska]Onko rakennuksessa lepo- ja leikkihuone?"", ""en"":""[English]Onko rakennuksessa lepo- ja leikkihuone?""}",,True,"{""fi"":"""", ""se"":"""", ""en"":"""" }"
219,39,Oppiminen,"{""fi"":""Onko rakennuksessa oppiminen?"", ""sv"":""[Svenska]Onko rakennuksessa oppiminen?"", ""en"":""[English]Onko rakennuksessa oppiminen?""}",,True,"{""fi"":"""", ""se"":"""", ""en"":"""" }"
220,3901,Kotiluokka,"{""fi"":""Onko rakennuksessa kotiluokka?"", ""sv"":""[Svenska]Onko rakennuksessa kotiluokka?"", ""en"":""[English]Onko rakennuksessa kotiluokka?""}",,True,"{""fi"":"""", ""se"":"""", ""en"":"""" }"
221,3902,Pintakäsittelytila,"{""fi"":""Onko rakennuksessa pintakäsittelytila?"", ""sv"":""[Svenska]Onko rakennuksessa pintakäsittelytila?"", ""en"":""[English]Onko rakennuksessa pintakäsittelytila?""}",,True,"{""fi"":"""", ""se"":"""", ""en"":"""" }"
222,3903,Puutyötila,"{""fi"":""Onko rakennuksessa puutyötila?"", ""sv"":""[Svenska]Onko rakennuksessa puutyötila?"", ""en"":""[English]Onko rakennuksessa puutyötila?""}",,True,"{""fi"":"""", ""se"":"""", ""en"":"""" }"
223,3904,Tekstiilityö- ja musiikkiluokka,"{""fi"":""Onko rakennuksessa tekstiilityö- ja musiikkiluokka?"", ""sv"":""[Svenska]Onko rakennuksessa tekstiilityö- ja musiikkiluokka?"", ""en"":""[English]Onko rakennuksessa tekstiilityö- ja musiikkiluokka?""}",,True,"{""fi"":"""", ""se"":"""", ""en"":"""" }"
224,3905,Tulityötila,"{""fi"":""Onko rakennuksessa tulityötila?"", ""sv"":""[Svenska]Onko rakennuksessa tulityötila?"", ""en"":""[English]Onko rakennuksessa tulityötila?""}",,True,"{""fi"":"""", ""se"":"""", ""en"":"""" }"
225,3906,Ulkoiluvälinevarasto,"{""fi"":""Onko rakennuksessa ulkoiluvälinevarasto?"", ""sv"":""[Svenska]Onko rakennuksessa ulkoiluvälinevarasto?"", ""en"":""[English]Onko rakennuksessa ulkoiluvälinevarasto?""}",,True,"{""fi"":"""", ""se"":"""", ""en"":"""" }"
226,3907,Lukutila,"{""fi"":""Onko rakennuksessa lukutila?"", ""sv"":""[Svenska]Onko rakennuksessa lukutila?"", ""en"":""[English]Onko rakennuksessa lukutila?""}",,True,"{""fi"":"""", ""se"":"""", ""en"":"""" }"
227,3908,Studiotila,"{""fi"":""Onko rakennuksessa studiotila?"", ""sv"":""[Svenska]Onko rakennuksessa studiotila?"", ""en"":""[English]Onko rakennuksessa studiotila?""}",,True,"{""fi"":"""", ""se"":"""", ""en"":"""" }"
228,3909,Yleisopetustila,"{""fi"":""Onko rakennuksessa yleisopetustila?"", ""sv"":""[Svenska]Onko rakennuksessa yleisopetustila?"", ""en"":""[English]Onko rakennuksessa yleisopetustila?""}",,True,"{""fi"":"""", ""se"":"""", ""en"":"""" }"
229,3910,Auditorio,"{""fi"":""Onko rakennuksessa auditorio?"", ""sv"":""[Svenska]Onko rakennuksessa auditorio?"", ""en"":""[English]Onko rakennuksessa auditorio?""}",,True,"{""fi"":"""", ""se"":"""", ""en"":"""" }"
230,40,Kokoelma,"{""fi"":""Onko rakennuksessa kokoelma?"", ""sv"":""[Svenska]Onko rakennuksessa kokoelma?"", ""en"":""[English]Onko rakennuksessa kokoelma?""}",,False,"{""fi"":"""", ""se"":"""", ""en"":"""" }"
231,41,Eläinten kasvatus,"{""fi"":""Onko rakennuksessa eläinten kasvatus?"", ""sv"":""[Svenska]Onko rakennuksessa eläinten kasvatus?"", ""en"":""[English]Onko rakennuksessa eläinten kasvatus?""}",,True,"{""fi"":"""", ""se"":"""", ""en"":"""" }"
232,4101,Eläinsuoja,"{""fi"":""Onko rakennuksessa eläinsuoja?"", ""sv"":""[Svenska]Onko rakennuksessa eläinsuoja?"", ""en"":""[English]Onko rakennuksessa eläinsuoja?""}",,True,"{""fi"":"""", ""se"":"""", ""en"":"""" }"
233,4102,Pesutila,"{""fi"":""Onko rakennuksessa pesutila?"", ""sv"":""[Svenska]Onko rakennuksessa pesutila?"", ""en"":""[English]Onko rakennuksessa pesutila?""}",,True,"{""fi"":"""", ""se"":"""", ""en"":"""" }"
